test,ber,snr,throughput,M,cplen,pilotSpacing,numActiveCarriers,useCoding,fc,distance,volume
cp_sweep_coded,0.000000,-8.5056,5538.4615,4,32,5,300,1,8000,1.5,75
cp_sweep_coded,0.000000,-8.2779,5538.4615,4,32,5,300,1,8000,1.5,75
cp_sweep_coded,0.000000,-8.3943,5538.4615,4,32,5,300,1,8000,1.5,75
cp_sweep_coded,0.000000,-7.9904,5454.5455,4,64,5,300,1,8000,1.5,75
cp_sweep_coded,0.000000,-8.1728,5454.5455,4,64,5,300,1,8000,1.5,75
cp_sweep_coded,0.000000,-8.0544,5454.5455,4,64,5,300,1,8000,1.5,75
cp_sweep_coded,0.000000,-7.6320,5294.1176,4,128,5,300,1,8000,1.5,75
cp_sweep_coded,0.000000,-7.6451,5294.1176,4,128,5,300,1,8000,1.5,75
cp_sweep_coded,0.000000,-8.4493,5294.1176,4,128,5,300,1,8000,1.5,75
cp_sweep_coded,0.000000,-8.1785,5000.0000,4,256,5,300,1,8000,1.5,75
cp_sweep_coded,0.000000,-8.1753,5000.0000,4,256,5,300,1,8000,1.5,75
cp_sweep_coded,0.000000,-7.1107,5000.0000,4,256,5,300,1,8000,1.5,75
cp_sweep_coded,0.000000,-6.7538,4500.0000,4,512,5,300,1,8000,1.5,75
cp_sweep_coded,0.000000,-7.2806,4500.0000,4,512,5,300,1,8000,1.5,75
cp_sweep_coded,0.000000,-7.0782,4500.0000,4,512,5,300,1,8000,1.5,75
cp_sweep_coded,0.000000,-7.1491,3750.0000,4,1024,5,300,1,8000,1.5,75
cp_sweep_coded,0.000000,-7.0733,3750.0000,4,1024,5,300,1,8000,1.5,75
cp_sweep_coded,0.000000,-7.0476,3750.0000,4,1024,5,300,1,8000,1.5,75
cp_sweep_coded,0.000000,-8.0866,2812.5000,4,2048,5,300,1,8000,1.5,75
cp_sweep_coded,0.000000,-7.7025,2812.5000,4,2048,5,300,1,8000,1.5,75
cp_sweep_uncoded,0.004325,-10.7056,5538.4615,4,32,5,300,0,8000,1.5,75
cp_sweep_uncoded,0.004325,-9.2030,5538.4615,4,32,5,300,0,8000,1.5,75
cp_sweep_uncoded,0.004429,-9.3062,5538.4615,4,32,5,300,0,8000,1.5,75
cp_sweep_uncoded,0.003627,-9.6145,5454.5455,4,64,5,300,0,8000,1.5,75
cp_sweep_uncoded,0.003592,-10.1954,5454.5455,4,64,5,300,0,8000,1.5,75
cp_sweep_uncoded,0.003627,-8.8623,5454.5455,4,64,5,300,0,8000,1.5,75
cp_sweep_uncoded,0.002058,-10.5051,5294.1176,4,128,5,300,0,8000,1.5,75
cp_sweep_uncoded,0.001988,-9.5799,5294.1176,4,128,5,300,0,8000,1.5,75
cp_sweep_uncoded,0.001988,-9.0079,5294.1176,4,128,5,300,0,8000,1.5,75
cp_sweep_uncoded,0.000209,-10.1076,5000.0000,4,256,5,300,0,8000,1.5,75
cp_sweep_uncoded,0.000279,-10.2254,5000.0000,4,256,5,300,0,8000,1.5,75
cp_sweep_uncoded,0.000279,-9.9228,5000.0000,4,256,5,300,0,8000,1.5,75
cp_sweep_uncoded,0.000279,-10.0365,5000.0000,4,256,5,300,0,8000,1.5,75
cp_sweep_uncoded,0.000174,-10.0747,5000.0000,4,256,5,300,0,8000,1.5,75
cp_sweep_uncoded,0.000209,-9.9847,4500.0000,4,512,5,300,0,8000,1.5,75
cp_sweep_uncoded,0.004046,-9.4301,4500.0000,4,512,5,300,0,8000,1.5,75
cp_sweep_uncoded,0.000209,-10.4925,4500.0000,4,512,5,300,0,8000,1.5,75
cp_sweep_uncoded,0.000349,-9.5134,3750.0000,4,1024,5,300,0,8000,1.5,75
cp_sweep_uncoded,0.000279,-9.2085,3750.0000,4,1024,5,300,0,8000,1.5,75
cp_sweep_uncoded,0.000209,-10.0160,3750.0000,4,1024,5,300,0,8000,1.5,75
cp_sweep_uncoded,0.000140,-8.6135,3750.0000,4,1024,5,300,0,8000,1.5,75
cp_sweep_uncoded,0.000453,-9.7566,3750.0000,4,1024,5,300,0,8000,1.5,75
cp_sweep_uncoded,0.008824,-9.5756,2812.5000,4,2048,5,300,0,8000,1.5,75
cp_sweep_uncoded,0.008301,-10.0199,2812.5000,4,2048,5,300,0,8000,1.5,75
cp_sweep_uncoded,0.008231,-9.7934,2812.5000,4,2048,5,300,0,8000,1.5,75
pilot_sweep,0.000698,-10.5676,3125.0000,4,256,2,300,0,8000,1.5,75
pilot_sweep,0.000698,-10.4560,3125.0000,4,256,2,300,0,8000,1.5,75
pilot_sweep,0.000663,-10.0842,3125.0000,4,256,2,300,0,8000,1.5,75
pilot_sweep,0.000698,-10.2619,3125.0000,4,256,2,300,0,8000,1.5,75
pilot_sweep,0.000698,-9.9966,3125.0000,4,256,2,300,0,8000,1.5,75
pilot_sweep,0.000140,-10.8669,4166.6667,4,256,3,300,0,8000,1.5,75
pilot_sweep,0.000140,-10.5119,4166.6667,4,256,3,300,0,8000,1.5,75
pilot_sweep,0.000140,-10.4863,4166.6667,4,256,3,300,0,8000,1.5,75
pilot_sweep,0.000419,-9.5205,4687.5000,4,256,4,300,0,8000,1.5,75
pilot_sweep,0.000314,-8.5636,4687.5000,4,256,4,300,0,8000,1.5,75
pilot_sweep,0.000419,-8.4084,4687.5000,4,256,4,300,0,8000,1.5,75
pilot_sweep,0.000140,-8.3001,5000.0000,4,256,5,300,0,8000,1.5,75
pilot_sweep,0.000174,-9.6313,5000.0000,4,256,5,300,0,8000,1.5,75
pilot_sweep,0.000209,-8.3233,5000.0000,4,256,5,300,0,8000,1.5,75
pilot_sweep,0.001709,-11.5803,5208.3333,4,256,6,300,0,8000,1.5,75
pilot_sweep,0.001290,-11.4848,5208.3333,4,256,6,300,0,8000,1.5,75
pilot_sweep,0.001604,-12.2433,5208.3333,4,256,6,300,0,8000,1.5,75
pilot_sweep,0.001151,-8.2774,5354.1667,4,256,7,300,0,8000,1.5,75
pilot_sweep,0.000977,-7.6658,5354.1667,4,256,7,300,0,8000,1.5,75
pilot_sweep,0.001046,-9.2095,5354.1667,4,256,7,300,0,8000,1.5,75
pilot_sweep,0.001953,-8.6074,5458.3333,4,256,8,300,0,8000,1.5,75
pilot_sweep,0.001988,-5.5725,5458.3333,4,256,8,300,0,8000,1.5,75
pilot_sweep,0.001918,-7.7607,5458.3333,4,256,8,300,0,8000,1.5,75
pilot_sweep,0.003976,-9.2863,5541.6667,4,256,9,300,0,8000,1.5,75
pilot_sweep,0.002128,-5.5329,5458.3333,4,256,8,300,0,8000,1.5,75
pilot_sweep,0.000907,-13.2520,5625.0000,4,256,10,300,0,8000,1.5,75
pilot_sweep,0.000837,-12.8384,5625.0000,4,256,10,300,0,8000,1.5,75
pilot_sweep,0.000698,-12.0875,5625.0000,4,256,10,300,0,8000,1.5,75
pilot_sweep,0.000698,-13.3178,5625.0000,4,256,10,300,0,8000,1.5,75
pilot_sweep,0.000558,-12.0316,5729.1667,4,256,12,300,0,8000,1.5,75
pilot_sweep,0.000558,-12.5395,5729.1667,4,256,12,300,0,8000,1.5,75
pilot_sweep,0.000453,-11.9432,5729.1667,4,256,12,300,0,8000,1.5,75
pilot_sweep,0.000209,-11.6473,5833.3333,4,256,15,300,0,8000,1.5,75
pilot_sweep,0.000279,-10.7712,5833.3333,4,256,15,300,0,8000,1.5,75
pilot_sweep,0.000349,-12.3474,5833.3333,4,256,15,300,0,8000,1.5,75
pilot_sweep,0.001360,-2.4365,1666.6667,4,256,5,100,0,8000,1.5,75
pilot_sweep,0.000593,-1.1486,1875.0000,4,256,10,100,0,8000,1.5,75
pilot_spacing_comp,0.001848,-14.6509,6666.6667,4,256,5,400,0,8000,1.5,75
pilot_spacing_comp,0.001953,-14.8898,6666.6667,4,256,5,400,0,8000,1.5,75
pilot_spacing_comp,0.002058,-14.1237,6666.6667,4,256,5,400,0,8000,1.5,75
pilot_spacing_comp,0.000384,-11.5930,7500.0000,4,256,10,400,0,8000,1.5,75
pilot_spacing_comp,0.000453,-11.5318,7500.0000,4,256,10,400,0,8000,1.5,75
pilot_spacing_comp,0.002058,-14.4260,6666.6667,4,256,5,400,0,8000,1.5,75
pilot_spacing_comp,0.000453,-12.3937,7500.0000,4,256,10,400,0,8000,1.5,75
pilot_spacing_comp,0.000384,-12.3958,7500.0000,4,256,10,400,0,8000,1.5,75
carrier_sweep,0.001325,-2.9714,1666.6667,4,256,5,100,0,8000,1.5,75
carrier_sweep,0.001046,-2.6636,1666.6667,4,256,5,100,0,8000,1.5,75
carrier_sweep,0.001081,-2.7694,1666.6667,4,256,5,100,0,8000,1.5,75
carrier_sweep,0.000279,-3.7132,2500.0000,4,256,5,150,0,8000,1.5,75
carrier_sweep,0.000384,-4.1384,2500.0000,4,256,5,150,0,8000,1.5,75
carrier_sweep,0.000349,-3.8127,2500.0000,4,256,5,150,0,8000,1.5,75
carrier_sweep,0.001186,-6.3757,3333.3333,4,256,5,200,0,8000,1.5,75
carrier_sweep,0.001256,-6.0195,3333.3333,4,256,5,200,0,8000,1.5,75
carrier_sweep,0.001325,-6.4493,3333.3333,4,256,5,200,0,8000,1.5,75
carrier_sweep,0.001221,-6.4285,3333.3333,4,256,5,200,0,8000,1.5,75
carrier_sweep,0.000105,-8.6173,4166.6667,4,256,5,250,0,8000,1.5,75
carrier_sweep,0.000105,-8.6336,4166.6667,4,256,5,250,0,8000,1.5,75
carrier_sweep,0.000140,-8.2964,4166.6667,4,256,5,250,0,8000,1.5,75
carrier_sweep,0.000279,-9.6832,5000.0000,4,256,5,300,0,8000,1.5,75
carrier_sweep,0.000209,-9.7428,5000.0000,4,256,5,300,0,8000,1.5,75
carrier_sweep,0.000209,-10.5432,5000.0000,4,256,5,300,0,8000,1.5,75
carrier_sweep,0.000279,-16.0662,5833.3333,4,256,5,350,0,8000,1.5,75
carrier_sweep,0.000314,-14.2696,5833.3333,4,256,5,350,0,8000,1.5,75
carrier_sweep,0.000174,-13.2899,5833.3333,4,256,5,350,0,8000,1.5,75
carrier_sweep,0.001883,-12.5809,6666.6667,4,256,5,400,0,8000,1.5,75
carrier_sweep,0.001953,-11.8080,6666.6667,4,256,5,400,0,8000,1.5,75
carrier_sweep,0.001918,-12.0386,6666.6667,4,256,5,400,0,8000,1.5,75
carrier_sweep,0.000384,-12.9350,7500.0000,4,256,5,450,0,8000,1.5,75
carrier_sweep,0.000453,-14.0314,7500.0000,4,256,5,450,0,8000,1.5,75
carrier_sweep,0.000314,-13.2894,7500.0000,4,256,5,450,0,8000,1.5,75
carrier_sweep,0.000384,-13.0459,7500.0000,4,256,5,450,0,8000,1.5,75
carrier_sweep,0.000419,-15.1562,8333.3333,4,256,5,500,0,8000,1.5,75
carrier_sweep,0.000453,-15.5505,8333.3333,4,256,5,500,0,8000,1.5,75
carrier_sweep,0.000488,-14.9448,8333.3333,4,256,5,500,0,8000,1.5,75
carrier_sweep,0.002825,-16.8775,9166.6667,4,256,5,550,0,8000,1.5,75
carrier_sweep,0.002930,-16.4818,9166.6667,4,256,5,550,0,8000,1.5,75
carrier_sweep,0.002860,-17.4452,9166.6667,4,256,5,550,0,8000,1.5,75
carrier_sweep,0.006906,-18.4474,10000.0000,4,256,5,600,0,8000,1.5,75
carrier_sweep,0.006975,-17.9968,10000.0000,4,256,5,600,0,8000,1.5,75
carrier_sweep,0.006871,-18.3974,10000.0000,4,256,5,600,0,8000,1.5,75
carrier_sweep,0.007010,-18.1050,10000.0000,4,256,5,600,0,8000,1.5,75
carrier_sweep,0.007080,-18.6904,10833.3333,4,256,5,650,0,8000,1.5,75
carrier_sweep,0.006627,-19.5105,10833.3333,4,256,5,650,0,8000,1.5,75
carrier_sweep,0.006836,-19.5756,10833.3333,4,256,5,650,0,8000,1.5,75
carrier_sweep,0.025146,-20.6377,11666.6667,4,256,5,700,0,8000,1.5,75
carrier_sweep,0.025112,-20.8282,11666.6667,4,256,5,700,0,8000,1.5,75
