test,trial,ber,ser,snr,throughput,distance,volume,txAngle,rxAngle,blocked,blockerType,reflectionMode,modscheme,useCoding,notes
distance_sweep,1,0.000000,0.000382,-3.1528,8333.3333,0.50,100,0.0,0.0,0,none,direct,qpsk,1,clear_los
distance_sweep,2,0.000000,0.000417,-2.8420,8333.3333,0.50,100,0.0,0.0,0,none,direct,qpsk,1,clear_los
distance_sweep,3,0.000000,0.000347,-3.8215,8333.3333,0.50,100,0.0,0.0,0,none,direct,qpsk,1,clear_los
distance_sweep,1,0.000000,0.018750,-9.7794,16666.6667,0.50,100,0.0,0.0,0,none,direct,16qam,1,clear_los
distance_sweep,2,0.000000,0.019583,-7.8419,16666.6667,0.50,100,0.0,0.0,0,none,direct,16qam,1,clear_los
distance_sweep,3,0.000000,0.022083,-8.0595,16666.6667,0.50,100,0.0,0.0,0,none,direct,16qam,1,clear_los
distance_sweep,1,0.017578,0.060694,-11.9323,16666.6667,0.50,100,0.0,0.0,0,none,direct,16qam,0,clear_los
distance_sweep,2,0.018276,0.062917,-12.1349,16666.6667,0.50,100,0.0,0.0,0,none,direct,16qam,0,clear_los
distance_sweep,3,0.018834,0.064306,-10.9062,16666.6667,0.50,100,0.0,0.0,0,none,direct,16qam,0,clear_los
distance_sweep,1,0.002267,0.004653,-3.6653,8333.3333,0.50,100,0.0,0.0,0,none,direct,qpsk,0,clear_los
distance_sweep,2,0.001953,0.003958,-4.7537,8333.3333,0.50,100,0.0,0.0,0,none,direct,qpsk,0,clear_los
distance_sweep,3,0.001779,0.003542,-5.1776,8333.3333,0.50,100,0.0,0.0,0,none,direct,qpsk,0,clear_los
distance_sweep,1,0.002372,0.004792,-8.9726,8333.3333,1.00,100,0.0,0.0,0,none,direct,qpsk,0,clear_los
distance_sweep,2,0.002686,0.005417,-9.8363,8333.3333,1.00,100,0.0,0.0,0,none,direct,qpsk,0,clear_los
distance_sweep,3,0.002616,0.005347,-9.3794,8333.3333,1.00,100,0.0,0.0,0,none,direct,qpsk,0,clear_los
distance_sweep,1,0.022321,0.077778,-16.6946,16666.6667,1.00,100,0.0,0.0,0,none,direct,16qam,0,clear_los
distance_sweep,2,0.021310,0.074444,-16.7018,16666.6667,1.00,100,0.0,0.0,0,none,direct,16qam,0,clear_los
distance_sweep,3,0.020857,0.073472,-17.1353,16666.6667,1.00,100,0.0,0.0,0,none,direct,16qam,0,clear_los
distance_sweep,4,0.020159,0.070417,-16.9386,16666.6667,1.00,100,0.0,0.0,0,none,direct,16qam,0,clear_los
distance_sweep,1,0.000000,0.038889,-14.1851,16666.6667,1.00,100,0.0,0.0,0,none,direct,16qam,1,clear_los
distance_sweep,2,0.000000,0.037917,-14.1049,16666.6667,1.00,100,0.0,0.0,0,none,direct,16qam,1,clear_los
distance_sweep,3,0.000000,0.037847,-13.4295,16666.6667,1.00,100,0.0,0.0,0,none,direct,16qam,1,clear_los
distance_sweep,1,0.000000,0.001424,-6.0921,8333.3333,1.00,100,0.0,0.0,0,none,direct,qpsk,1,clear_los
distance_sweep,2,0.503836,0.751458,-7.3719,8333.3333,1.00,100,0.0,0.0,0,none,direct,qpsk,1,clear_los
distance_sweep,3,0.000000,0.001111,-6.2788,8333.3333,1.00,100,0.0,0.0,0,none,direct,qpsk,1,clear_los
distance_sweep,1,0.000000,0.001424,-10.2600,8333.3333,1.50,100,0.0,0.0,0,none,direct,qpsk,1,clear_los
distance_sweep,2,0.000000,0.001736,-10.1367,8333.3333,1.50,100,0.0,0.0,0,none,direct,qpsk,1,clear_los
distance_sweep,3,0.000000,0.001319,-9.8979,8333.3333,1.50,100,0.0,0.0,0,none,direct,qpsk,1,clear_los
distance_sweep,1,0.000279,0.106389,-17.8419,16666.6667,1.50,100,0.0,0.0,0,none,direct,16qam,1,clear_los
distance_sweep,2,0.000140,0.112639,-18.0467,16666.6667,1.50,100,0.0,0.0,0,none,direct,16qam,1,clear_los
distance_sweep,3,0.000174,0.105694,-18.1749,16666.6667,1.50,100,0.0,0.0,0,none,direct,16qam,1,clear_los
distance_sweep,1,0.035610,0.126528,-20.5094,16666.6667,1.50,100,0.0,0.0,0,none,direct,16qam,0,clear_los
distance_sweep,2,0.034459,0.124583,-20.7099,16666.6667,1.50,100,0.0,0.0,0,none,direct,16qam,0,clear_los
distance_sweep,3,0.037633,0.134167,-20.5736,16666.6667,1.50,100,0.0,0.0,0,none,direct,16qam,0,clear_los
distance_sweep,1,0.002930,0.005833,-13.1030,8333.3333,1.50,100,0.0,0.0,0,none,direct,qpsk,0,clear_los
distance_sweep,2,0.002581,0.005139,-12.7617,8333.3333,1.50,100,0.0,0.0,0,none,direct,qpsk,0,clear_los
distance_sweep,3,0.002302,0.004583,-11.5286,8333.3333,1.50,100,0.0,0.0,0,none,direct,qpsk,0,clear_los
distance_sweep,1,0.009068,0.018056,-15.5344,8333.3333,2.00,100,0.0,0.0,0,none,direct,qpsk,0,clear_los
distance_sweep,2,0.009242,0.018472,-15.6063,8333.3333,2.00,100,0.0,0.0,0,none,direct,qpsk,0,clear_los
distance_sweep,3,0.009242,0.018611,-15.5889,8333.3333,2.00,100,0.0,0.0,0,none,direct,qpsk,0,clear_los
distance_sweep,1,0.065081,0.227639,-23.0277,16666.6667,2.00,100,0.0,0.0,0,none,direct,16qam,0,clear_los
distance_sweep,2,0.066267,0.231111,-23.2279,16666.6667,2.00,100,0.0,0.0,0,none,direct,16qam,0,clear_los
distance_sweep,3,0.066650,0.232361,-23.0658,16666.6667,2.00,100,0.0,0.0,0,none,direct,16qam,0,clear_los
distance_sweep,4,0.100202,0.343889,-39.0539,16666.6667,2.00,50,0.0,0.0,0,none,direct,16qam,0,clear_los
distance_sweep,5,0.070278,0.243750,-25.7601,16666.6667,2.00,75,0.0,0.0,0,none,direct,16qam,0,clear_los
distance_sweep,1,0.019950,0.236875,-20.1500,16666.6667,2.00,100,0.0,0.0,0,none,direct,16qam,1,clear_los
distance_sweep,2,0.018903,0.234861,-19.5962,16666.6667,2.00,100,0.0,0.0,0,none,direct,16qam,1,clear_los
distance_sweep,3,0.012835,0.226944,-19.8913,16666.6667,2.00,100,0.0,0.0,0,none,direct,16qam,1,clear_los
distance_sweep,1,0.000000,0.011215,-12.1285,8333.3333,2.00,100,0.0,0.0,0,none,direct,qpsk,1,clear_los
distance_sweep,2,0.000000,0.010868,-11.9246,8333.3333,2.00,100,0.0,0.0,0,none,direct,qpsk,1,clear_los
distance_sweep,3,0.000000,0.010590,-11.9200,8333.3333,2.00,100,0.0,0.0,0,none,direct,qpsk,1,clear_los
distance_sweep,1,0.018624,0.034583,-16.3776,8333.3333,2.50,100,0.0,0.0,0,none,direct,qpsk,0,clear_los
distance_sweep,1,0.018136,0.033750,-15.9839,8333.3333,2.50,100,0.0,0.0,0,none,direct,qpsk,0,clear_los
distance_sweep,3,0.018241,0.034236,-16.9755,8333.3333,2.50,100,0.0,0.0,0,none,direct,qpsk,0,clear_los
distance_sweep,1,0.000000,0.029687,-13.5796,8333.3333,2.50,100,0.0,0.0,0,none,direct,qpsk,1,clear_los
distance_sweep,2,0.000000,0.031181,-13.4909,8333.3333,2.50,100,0.0,0.0,0,none,direct,qpsk,1,clear_los
distance_sweep,3,0.000000,0.029306,-14.2778,8333.3333,2.50,100,0.0,0.0,0,none,direct,qpsk,1,clear_los
distance_sweep,1,0.090506,0.308611,-24.4865,16666.6667,2.50,100,0.0,0.0,0,none,direct,16qam,0,clear_los
distance_sweep,2,0.088728,0.302778,-24.4286,16666.6667,2.50,100,0.0,0.0,0,none,direct,16qam,0,clear_los
distance_sweep,3,0.089634,0.304306,-24.7374,16666.6667,2.50,100,0.0,0.0,0,none,direct,16qam,0,clear_los
distance_sweep,1,0.074044,0.319514,-21.6223,16666.6667,2.50,100,0.0,0.0,0,none,direct,16qam,1,clear_los
distance_sweep,2,0.071708,0.313403,-18.4851,16666.6667,2.50,100,0.0,0.0,0,none,direct,16qam,1,clear_los
distance_sweep,3,0.068638,0.309861,-20.9633,16666.6667,2.50,100,0.0,0.0,0,none,direct,16qam,1,clear_los
distance_sweep,1,0.042690,0.082083,-17.5910,8333.3333,3.00,100,0.0,0.0,0,none,direct,qpsk,0,clear_los
distance_sweep,2,0.043352,0.083056,-17.5843,8333.3333,3.00,100,0.0,0.0,0,none,direct,qpsk,0,clear_los
distance_sweep,3,0.042376,0.081875,-17.7509,8333.3333,3.00,100,0.0,0.0,0,none,direct,qpsk,0,clear_los
distance_sweep,1,0.000698,0.072813,-14.7151,8333.3333,3.00,100,0.0,0.0,0,none,direct,qpsk,1,clear_los
distance_sweep,2,0.000453,0.074514,-15.0511,8333.3333,3.00,100,0.0,0.0,0,none,direct,qpsk,1,clear_los
distance_sweep,3,0.000837,0.074653,-14.9126,8333.3333,3.00,100,0.0,0.0,0,none,direct,qpsk,1,clear_los
distance_sweep,1,0.134382,0.431806,-25.6863,16666.6667,3.00,100,0.0,0.0,0,none,direct,16qam,0,clear_los
distance_sweep,2,0.131696,0.421944,-25.6414,16666.6667,3.00,100,0.0,0.0,0,none,direct,16qam,0,clear_los
distance_sweep,3,0.134277,0.433750,-25.8850,16666.6667,3.00,100,0.0,0.0,0,none,direct,16qam,0,clear_los
distance_sweep,1,0.237793,0.409722,-22.1944,16666.6667,3.00,100,0.0,0.0,0,none,direct,16qam,1,clear_los
distance_sweep,2,0.221540,0.411528,-22.5724,16666.6667,3.00,100,0.0,0.0,0,none,direct,16qam,1,clear_los
distance_sweep,3,0.244176,0.413403,-22.2003,16666.6667,3.00,100,0.0,0.0,0,none,direct,16qam,1,clear_los
distance_sweep,1,0.060407,0.116111,-19.2056,8333.3333,3.50,100,0.0,0.0,0,none,direct,qpsk,0,clear_los
distance_sweep,2,0.057861,0.111736,-18.9790,8333.3333,3.50,100,0.0,0.0,0,none,direct,qpsk,0,clear_los
distance_sweep,3,0.057652,0.111528,-17.4933,8333.3333,3.50,100,0.0,0.0,0,none,direct,qpsk,0,clear_los
distance_sweep,1,0.003976,0.103021,-16.3001,8333.3333,3.50,100,0.0,0.0,0,none,direct,qpsk,1,clear_los
distance_sweep,2,0.003523,0.106285,-16.2072,8333.3333,3.50,100,0.0,0.0,0,none,direct,qpsk,1,clear_los
distance_sweep,3,0.004081,0.103438,-16.4560,8333.3333,3.50,100,0.0,0.0,0,none,direct,qpsk,1,clear_los
distance_sweep,1,0.075788,0.144236,-20.4933,8333.3333,4.00,100,0.0,0.0,0,none,direct,qpsk,0,clear_los
distance_sweep,2,0.507464,0.770000,-22.1634,8333.3333,4.00,100,0.0,0.0,0,none,direct,qpsk,0,clear_los
distance_sweep,3,0.075439,0.143403,-19.8157,8333.3333,4.00,100,0.0,0.0,0,none,direct,qpsk,0,clear_los
distance_sweep,4,0.074149,0.140833,-20.0441,8333.3333,4.00,100,0.0,0.0,0,none,direct,qpsk,0,clear_los
distance_sweep,1,0.021275,0.139618,-17.2581,8333.3333,4.00,100,0.0,0.0,0,none,direct,qpsk,1,clear_los
distance_sweep,2,0.027658,0.140903,-16.6246,8333.3333,4.00,100,0.0,0.0,0,none,direct,qpsk,1,clear_los
distance_sweep,3,0.023124,0.140660,-17.2636,8333.3333,4.00,100,0.0,0.0,0,none,direct,qpsk,1,clear_los
blocking,1,0.477958,0.372292,-17.6902,8333.3333,2.00,100,0.0,0.0,1,notebook,direct,qpsk,1,book_blocked
blocking,1,0.284040,0.247257,-16.3451,8333.3333,2.00,100,0.0,0.0,1,notebook,direct,qpsk,1,book_blocked
blocking,1,0.471052,0.380069,-20.3244,8333.3333,2.00,100,0.0,0.0,1,human,direct,qpsk,1,halfway_between
blocking,2,0.462437,0.354444,-19.3309,8333.3333,2.00,100,0.0,0.0,1,human,direct,qpsk,1,halfway_between
blocking,3,0.458078,0.354375,-20.2028,8333.3333,2.00,100,0.0,0.0,1,human,direct,qpsk,1,halfway_between
reflection,1,0.003313,0.087778,-14.8417,8333.3333,2.00,100,0.0,0.0,0,none,wall,qpsk,1,140_from_wall_45
reflection,1,0.003034,0.085972,-14.6181,8333.3333,2.00,100,0.0,0.0,0,none,wall,qpsk,1,140_from_wall_45
reflection,1,0.001116,0.085521,-14.4544,8333.3333,2.00,100,0.0,0.0,0,none,wall,qpsk,1,140_from_wall_45
reflection,3,0.001779,0.087014,-14.3609,8333.3333,2.00,100,0.0,0.0,0,none,wall,qpsk,1,140_from_wall_45
reflection,1,0.000000,0.032465,-15.3985,8333.3333,2.00,100,0.0,0.0,1,human,wall,qpsk,1,140_from_wall_45
reflection,1,0.000000,0.031979,-15.4133,8333.3333,2.00,100,0.0,0.0,1,human,wall,qpsk,1,140_from_wall_45
reflection,1,0.000000,0.031736,-15.1891,8333.3333,2.00,100,0.0,0.0,1,human,wall,qpsk,1,140_from_wall_45
blocking,1,0.499442,0.482049,-19.5379,8333.3333,3.00,100,0.0,0.0,1,human,none,qpsk,1,bloack_3m
blocking,1,0.244176,0.226424,-16.3161,8333.3333,3.00,100,0.0,0.0,1,human,none,qpsk,1,bloack_3m
blocking,1,0.000105,0.059722,-15.0669,8333.3333,3.00,100,0.0,0.0,1,human,none,qpsk,1,bloack_3m
blocking,1,0.410086,0.307500,-21.2184,8333.3333,3.00,100,0.0,0.0,1,human,wall,qpsk,1,bloack_3m_reflection
blocking,1,0.430943,0.310417,-11.8670,8333.3333,3.00,100,0.0,0.0,1,human,wall,qpsk,1,bloack_3m_reflection
blocking,1,0.480469,0.379028,-12.1892,8333.3333,3.00,100,0.0,0.0,1,human,wall,qpsk,1,bloack_3m_reflection
blocking,1,0.042690,0.151632,-7.6371,8333.3333,3.00,100,0.0,0.0,1,human,wall,qpsk,1,bloack_3m_reflection
blocking,1,0.001151,0.085694,-8.1409,8333.3333,3.00,100,0.0,0.0,1,human,wall,qpsk,1,wall_reflection_rx_infront
blocking,1,0.002372,0.085208,-7.3653,8333.3333,3.00,100,0.0,0.0,1,human,wall,qpsk,1,wall_reflection_rx_infront
blocking,1,0.030273,0.142847,-7.2530,8333.3333,3.00,100,0.0,0.0,0,none,wall,qpsk,1,wall_reflection_rx_infront
blocking,1,0.031320,0.145035,-7.4164,8333.3333,3.00,100,0.0,0.0,0,none,wall,qpsk,1,wall_reflection_rx_infront
distance_sweep_fixed,1,0.001639,0.003264,13.5127,16666.6667,0.50,100,0.0,0.0,0,none,none,qpsk,0,none
distance_sweep_fixed,2,0.001500,0.002986,13.3814,16666.6667,0.50,100,0.0,0.0,0,none,none,qpsk,0,none
distance_sweep_fixed,3,0.001604,0.003194,13.4449,16666.6667,0.50,100,0.0,0.0,0,none,none,qpsk,0,none
distance_sweep_fixed,1,0.000000,0.000104,16.3067,8333.3333,0.50,100,0.0,0.0,0,none,none,qpsk,1,none
distance_sweep_fixed,2,0.000000,0.000208,16.4981,8333.3333,0.50,100,0.0,0.0,0,none,none,qpsk,1,none
distance_sweep_fixed,3,0.000000,0.000104,16.2869,8333.3333,0.50,100,0.0,0.0,0,none,none,qpsk,1,none
distance_sweep_fixed,1,0.018659,0.066528,13.3087,33333.3333,0.50,100,0.0,0.0,0,none,none,16qam,0,none
distance_sweep_fixed,2,0.017369,0.060694,13.6223,33333.3333,0.50,100,0.0,0.0,0,none,none,16qam,0,none
distance_sweep_fixed,3,0.020752,0.074583,13.0134,33333.3333,0.50,100,0.0,0.0,0,none,none,16qam,0,none
distance_sweep_fixed,1,0.026297,0.095139,11.4891,33333.3333,0.50,150,0.0,0.0,0,none,none,16qam,0,none
distance_sweep_fixed,2,0.029820,0.110000,11.2025,33333.3333,0.50,150,0.0,0.0,0,none,none,16qam,0,none
distance_sweep_fixed,3,0.026960,0.098056,11.4735,33333.3333,0.50,150,0.0,0.0,0,none,none,16qam,0,none
distance_sweep_fixed,1,0.000000,0.017847,15.3828,16666.6667,0.50,100,0.0,0.0,0,none,none,16qam,1,none
distance_sweep_fixed,2,0.000000,0.018750,15.2296,16666.6667,0.50,100,0.0,0.0,0,none,none,16qam,1,none
distance_sweep_fixed,3,0.000000,0.016250,15.2236,16666.6667,0.50,100,0.0,0.0,0,none,none,16qam,1,none
distance_sweep_fixed,4,0.000000,0.011250,15.8784,16666.6667,0.50,100,0.0,0.0,0,none,none,16qam,1,none
distance_sweep_fixed,1,0.002372,0.004792,12.5751,16666.6667,1.00,100,0.0,0.0,0,none,none,qpsk,0,none
distance_sweep_fixed,2,0.001814,0.003611,12.3219,16666.6667,1.00,100,0.0,0.0,0,none,none,qpsk,0,none
distance_sweep_fixed,2,0.001639,0.003264,12.2819,16666.6667,1.00,100,0.0,0.0,0,none,none,qpsk,0,none
distance_sweep_fixed,1,0.000000,0.000660,14.4406,8333.3333,1.00,100,0.0,0.0,0,none,none,qpsk,1,none
distance_sweep_fixed,2,0.000000,0.000313,14.3774,8333.3333,1.00,100,0.0,0.0,0,none,none,qpsk,1,none
distance_sweep_fixed,3,0.000000,0.000451,14.4468,8333.3333,1.00,100,0.0,0.0,0,none,none,qpsk,1,none
distance_sweep_fixed,1,0.024484,0.088750,12.7007,33333.3333,1.00,100,0.0,0.0,0,none,none,16qam,0,none
distance_sweep_fixed,2,0.025914,0.094444,12.3954,33333.3333,1.00,100,0.0,0.0,0,none,none,16qam,0,none
distance_sweep_fixed,3,0.025356,0.091250,12.5310,33333.3333,1.00,100,0.0,0.0,0,none,none,16qam,0,none
distance_sweep_fixed,1,0.000000,0.040764,13.0871,16666.6667,1.00,100,0.0,0.0,0,none,none,16qam,1,none
distance_sweep_fixed,2,0.000000,0.042153,14.1100,16666.6667,1.00,100,0.0,0.0,0,none,none,16qam,1,none
distance_sweep_fixed,3,0.000000,0.044236,14.1401,16666.6667,1.00,100,0.0,0.0,0,none,none,16qam,1,none
distance_sweep_fixed,1,0.003488,0.006944,10.0906,16666.6667,1.50,100,0.0,0.0,0,none,none,qpsk,0,none
distance_sweep_fixed,2,0.003627,0.007292,9.9995,16666.6667,1.50,100,0.0,0.0,0,none,none,qpsk,0,none
distance_sweep_fixed,3,0.003069,0.006111,10.0422,16666.6667,1.50,100,0.0,0.0,0,none,none,qpsk,0,none
distance_sweep_fixed,3,0.000000,0.001667,11.0012,8333.3333,1.50,100,0.0,0.0,0,none,none,qpsk,1,none
distance_sweep_fixed,2,0.000000,0.001458,10.8212,8333.3333,1.50,100,0.0,0.0,0,none,none,qpsk,1,none
distance_sweep_fixed,3,0.000000,0.001632,10.7349,8333.3333,1.50,100,0.0,0.0,0,none,none,qpsk,1,none
distance_sweep_fixed,1,0.045410,0.166250,10.9280,33333.3333,1.50,100,0.0,0.0,0,none,none,16qam,0,none
distance_sweep_fixed,2,0.046073,0.168611,10.7151,33333.3333,1.50,100,0.0,0.0,0,none,none,16qam,0,none
distance_sweep_fixed,3,0.047712,0.175417,10.8331,33333.3333,1.50,100,0.0,0.0,0,none,none,16qam,0,none
distance_sweep_fixed,3,0.000279,0.125972,12.1173,16666.6667,1.50,100,0.0,0.0,0,none,none,16qam,1,none
distance_sweep_fixed,2,0.000314,0.118750,11.9626,16666.6667,1.50,100,0.0,0.0,0,none,none,16qam,1,none
distance_sweep_fixed,3,0.000070,0.126528,11.8991,16666.6667,1.50,100,0.0,0.0,0,none,none,16qam,1,none
distance_sweep_fixed,1,0.012939,0.025764,7.2168,16666.6667,2.00,100,0.0,0.0,0,none,none,qpsk,0,none
distance_sweep_fixed,2,0.013811,0.027569,7.2028,16666.6667,2.00,100,0.0,0.0,0,none,none,qpsk,0,none
distance_sweep_fixed,3,0.012939,0.025764,7.2667,16666.6667,2.00,100,0.0,0.0,0,none,none,qpsk,0,none
distance_sweep_fixed,1,0.000000,0.022396,7.6681,8333.3333,2.00,100,0.0,0.0,0,none,none,qpsk,1,none
distance_sweep_fixed,2,0.000000,0.021528,7.6969,8333.3333,2.00,100,0.0,0.0,0,none,none,qpsk,1,none
distance_sweep_fixed,3,0.000000,0.022569,7.6745,8333.3333,2.00,100,0.0,0.0,0,none,none,qpsk,1,none
distance_sweep_fixed,1,0.095564,0.333194,9.0068,33333.3333,2.00,100,0.0,0.0,0,none,none,16qam,0,none
distance_sweep_fixed,2,0.093576,0.327222,9.2474,33333.3333,2.00,100,0.0,0.0,0,none,none,16qam,0,none
distance_sweep_fixed,3,0.092913,0.326944,9.2270,33333.3333,2.00,100,0.0,0.0,0,none,none,16qam,0,none
distance_sweep_fixed,1,0.042306,0.297153,9.7786,16666.6667,2.00,100,0.0,0.0,0,none,none,16qam,1,none
distance_sweep_fixed,2,0.040074,0.297500,9.8105,16666.6667,2.00,100,0.0,0.0,0,none,none,16qam,1,none
distance_sweep_fixed,3,0.044992,0.297361,9.8855,16666.6667,2.00,100,0.0,0.0,0,none,none,16qam,1,none
distance_sweep_fixed,1,0.018311,0.036042,5.9507,16666.6667,2.50,100,0.0,0.0,0,none,none,qpsk,0,none
distance_sweep_fixed,2,0.017718,0.035069,5.9302,16666.6667,2.50,100,0.0,0.0,0,none,none,qpsk,0,none
distance_sweep_fixed,3,0.017648,0.034931,6.0407,16666.6667,2.50,100,0.0,0.0,0,none,none,qpsk,0,none
distance_sweep_fixed,1,0.000000,0.032708,6.7215,8333.3333,2.50,100,0.0,0.0,0,none,none,qpsk,1,none
distance_sweep_fixed,2,0.000000,0.031806,6.6191,8333.3333,2.50,100,0.0,0.0,0,none,none,qpsk,1,none
distance_sweep_fixed,3,0.000000,0.033229,6.6696,8333.3333,2.50,100,0.0,0.0,0,none,none,qpsk,1,none
distance_sweep_fixed,1,0.104318,0.356667,7.8728,33333.3333,2.50,100,0.0,0.0,0,none,none,16qam,0,none
distance_sweep_fixed,2,0.107945,0.368472,8.0722,33333.3333,2.50,100,0.0,0.0,0,none,none,16qam,0,none
distance_sweep_fixed,3,0.106829,0.367500,8.0016,33333.3333,2.50,100,0.0,0.0,0,none,none,16qam,0,none
distance_sweep_fixed,1,0.080322,0.322292,8.9702,16666.6667,2.50,100,0.0,0.0,0,none,none,16qam,1,none
distance_sweep_fixed,2,0.086670,0.327569,8.9219,16666.6667,2.50,100,0.0,0.0,0,none,none,16qam,1,none
distance_sweep_fixed,3,0.082415,0.327917,8.7578,16666.6667,2.50,100,0.0,0.0,0,none,none,16qam,1,none
distance_sweep_fixed,1,0.045375,0.086319,2.8500,16666.6667,3.00,100,0.0,0.0,0,none,none,qpsk,0,none
distance_sweep_fixed,2,0.045619,0.087500,3.4220,16666.6667,3.00,100,0.0,0.0,0,none,none,qpsk,0,none
distance_sweep_fixed,3,0.047468,0.090347,3.0659,16666.6667,3.00,100,0.0,0.0,0,none,none,qpsk,0,none
distance_sweep_fixed,1,0.001604,0.082257,3.5992,8333.3333,3.00,100,0.0,0.0,0,none,none,qpsk,1,none
distance_sweep_fixed,2,0.000977,0.084965,4.0616,8333.3333,3.00,100,0.0,0.0,0,none,none,qpsk,1,none
distance_sweep_fixed,3,0.002825,0.085764,3.6505,8333.3333,3.00,100,0.0,0.0,0,none,none,qpsk,1,none
distance_sweep_fixed,1,0.149275,0.472361,3.8630,33333.3333,3.00,100,0.0,0.0,0,none,none,16qam,0,none
distance_sweep_fixed,2,0.147077,0.466806,4.0316,33333.3333,3.00,100,0.0,0.0,0,none,none,16qam,0,none
distance_sweep_fixed,3,0.148856,0.475972,4.0607,33333.3333,3.00,100,0.0,0.0,0,none,none,16qam,0,none
distance_sweep_fixed,1,0.319441,0.456181,5.3432,16666.6667,3.00,100,0.0,0.0,0,none,none,16qam,1,none
distance_sweep_fixed,2,0.322928,0.461944,6.0559,16666.6667,3.00,100,0.0,0.0,0,none,none,16qam,1,none
distance_sweep_fixed,3,0.316895,0.463819,6.2868,16666.6667,3.00,100,0.0,0.0,0,none,none,16qam,1,none
distance_sweep_fixed,1,0.073207,0.138056,3.1478,16666.6667,3.50,100,0.0,0.0,0,none,none,qpsk,0,none
distance_sweep_fixed,2,0.073591,0.137639,3.2039,16666.6667,3.50,100,0.0,0.0,0,none,none,qpsk,0,none
distance_sweep_fixed,3,0.075265,0.140556,3.1314,16666.6667,3.50,100,0.0,0.0,0,none,none,qpsk,0,none
distance_sweep_fixed,1,0.017683,0.126944,2.7159,8333.3333,3.50,100,0.0,0.0,0,none,none,qpsk,1,none
distance_sweep_fixed,2,0.018032,0.129549,2.6016,8333.3333,3.50,100,0.0,0.0,0,none,none,qpsk,1,none
distance_sweep_fixed,3,0.017613,0.127465,2.4277,8333.3333,3.50,100,0.0,0.0,0,none,none,qpsk,1,none
distance_sweep_fixed,4,0.016357,0.123090,1.6647,8333.3333,3.50,100,0.0,0.0,0,none,none,qpsk,1,none
distance_sweep_fixed,5,0.016078,0.126215,-2.1740,8333.3333,3.50,100,0.0,0.0,0,none,none,qpsk,1,none
distance_sweep_fixed,6,0.017753,0.126076,2.3598,8333.3333,3.50,100,0.0,0.0,0,none,none,qpsk,1,none
distance_sweep_fixed,1,0.072824,0.135903,1.7601,16666.6667,4.00,100,0.0,0.0,0,none,none,qpsk,0,none
distance_sweep_fixed,1,0.073207,0.137014,1.7032,16666.6667,4.00,100,0.0,0.0,0,none,none,qpsk,0,none
distance_sweep_fixed,1,0.070871,0.132708,1.6274,16666.6667,4.00,100,0.0,0.0,0,none,none,qpsk,0,none
distance_sweep_fixed,1,0.038121,0.151493,-0.1086,8333.3333,4.00,100,0.0,0.0,0,none,none,qpsk,1,none
distance_sweep_fixed,2,0.043213,0.152049,-0.2126,8333.3333,4.00,100,0.0,0.0,0,none,none,qpsk,1,none
distance_sweep_fixed,3,0.028076,0.145208,0.5240,8333.3333,4.00,100,0.0,0.0,0,none,none,qpsk,1,none
distance_sweep_fixed,3,0.014823,0.129444,11.0515,16666.6667,1.50,100,0.0,0.0,0,none,none,16qam,1,none
angle_sweep,1,0.006975,0.014028,7.8967,16666.6667,1.50,100,0.0,0.0,0,none,none,qpsk,0,none
angle_sweep,2,0.007324,0.014653,7.4595,16666.6667,1.50,100,0.0,0.0,0,none,none,qpsk,0,none
angle_sweep,3,0.006592,0.013125,7.8710,16666.6667,1.50,100,0.0,0.0,0,none,none,qpsk,0,none
angle_sweep,1,0.000000,0.007257,8.7453,8333.3333,1.50,100,0.0,0.0,0,none,none,qpsk,1,none
angle_sweep,2,0.000000,0.007569,8.8515,8333.3333,1.50,100,0.0,0.0,0,none,none,qpsk,1,none
angle_sweep,3,0.000000,0.008021,8.4281,8333.3333,1.50,100,0.0,0.0,0,none,none,qpsk,1,none
angle_sweep,1,0.011579,0.022986,7.6124,16666.6667,1.50,100,0.0,15.0,0,none,none,qpsk,0,none
angle_sweep,2,0.011161,0.021875,7.4475,16666.6667,1.50,100,0.0,15.0,0,none,none,qpsk,0,none
angle_sweep,3,0.010603,0.020972,7.4422,16666.6667,1.50,100,0.0,15.0,0,none,none,qpsk,0,none
angle_sweep,1,0.000000,0.013125,8.1696,8333.3333,1.50,100,0.0,15.0,0,none,none,qpsk,1,none
angle_sweep,2,0.000000,0.013264,8.3678,8333.3333,1.50,100,0.0,15.0,0,none,none,qpsk,1,none
angle_sweep,3,0.000000,0.013160,8.2698,8333.3333,1.50,100,0.0,15.0,0,none,none,qpsk,1,none
angle_sweep,1,0.010149,0.020347,7.6316,16666.6667,1.50,100,0.0,30.0,0,none,none,qpsk,0,none
angle_sweep,2,0.010672,0.020972,7.7512,16666.6667,1.50,100,0.0,30.0,0,none,none,qpsk,0,none
angle_sweep,3,0.010393,0.021042,7.4875,16666.6667,1.50,100,0.0,30.0,0,none,none,qpsk,0,none
angle_sweep,1,0.000000,0.013368,8.3941,8333.3333,1.50,100,0.0,30.0,0,none,none,qpsk,1,none
angle_sweep,2,0.000000,0.013924,8.3987,8333.3333,1.50,100,0.0,30.0,0,none,none,qpsk,1,none
angle_sweep,3,0.000000,0.013437,8.3636,8333.3333,1.50,100,0.0,30.0,0,none,none,qpsk,1,none
angle_sweep,1,0.016253,0.032083,6.3893,16666.6667,1.50,100,0.0,45.0,0,none,none,qpsk,0,none
angle_sweep,2,0.016567,0.032708,6.1202,16666.6667,1.50,100,0.0,45.0,0,none,none,qpsk,0,none
angle_sweep,3,0.016671,0.032708,5.7864,16666.6667,1.50,100,0.0,45.0,0,none,none,qpsk,0,none
angle_sweep,1,0.000000,0.019722,4.4162,8333.3333,1.50,100,0.0,45.0,0,none,none,qpsk,1,none
angle_sweep,2,0.000000,0.018056,6.0619,8333.3333,1.50,100,0.0,45.0,0,none,none,qpsk,1,none
angle_sweep,3,0.000000,0.018958,6.0327,8333.3333,1.50,100,0.0,45.0,0,none,none,qpsk,1,none
angle_sweep,1,0.033203,0.064097,2.7276,16666.6667,1.50,100,0.0,60.0,0,none,none,qpsk,0,none
angle_sweep,2,0.032401,0.063403,4.0221,16666.6667,1.50,100,0.0,60.0,0,none,none,qpsk,0,none
angle_sweep,3,0.033098,0.064514,3.2274,16666.6667,1.50,100,0.0,60.0,0,none,none,qpsk,0,none
angle_sweep,1,0.000000,0.051979,4.9915,8333.3333,1.50,100,0.0,60.0,0,none,none,qpsk,1,none
angle_sweep,1,0.000000,0.049792,4.5390,8333.3333,1.50,100,0.0,60.0,0,none,none,qpsk,1,none
angle_sweep,3,0.000000,0.047292,3.5572,8333.3333,1.50,100,0.0,60.0,0,none,none,qpsk,1,none
angle_sweep,1,0.070243,0.135486,2.5594,16666.6667,1.50,100,0.0,75.0,0,none,none,qpsk,0,none
angle_sweep,1,0.068464,0.130764,-7.4786,16666.6667,1.50,100,0.0,75.0,0,none,none,qpsk,0,none
angle_sweep,3,0.074637,0.142639,3.2309,16666.6667,1.50,100,0.0,75.0,0,none,none,qpsk,0,none
angle_sweep,3,0.017892,0.132917,1.1983,8333.3333,1.50,100,0.0,75.0,0,none,none,qpsk,1,none
angle_sweep,2,0.016044,0.131875,3.3919,8333.3333,1.50,100,0.0,75.0,0,none,none,qpsk,1,none
angle_sweep,3,0.016811,0.133785,1.1245,8333.3333,1.50,100,0.0,75.0,0,none,none,qpsk,1,none
angle_sweep,1,0.278739,0.485764,-5.5781,16666.6667,1.50,100,0.0,90.0,0,none,none,qpsk,0,none
angle_sweep,1,0.279541,0.488611,-5.9224,16666.6667,1.50,100,0.0,90.0,0,none,none,qpsk,0,none
angle_sweep,1,0.278843,0.485972,-5.4882,16666.6667,1.50,100,0.0,90.0,0,none,none,qpsk,0,none
angle_sweep,1,0.485561,0.470938,-24.2706,8333.3333,1.50,100,0.0,90.0,0,none,none,qpsk,1,none
angle_sweep,2,0.489467,0.469201,-8.0505,8333.3333,1.50,100,0.0,90.0,0,none,none,qpsk,1,none
angle_sweep,2,0.493129,0.470313,-12.1788,8333.3333,1.50,100,0.0,90.0,0,none,none,qpsk,1,none
angle_sweep,2,0.314837,0.260903,-2.1936,8333.3333,1.50,100,45.0,0.0,0,none,none,qpsk,1,none
angle_sweep,2,0.305036,0.253333,-2.5123,8333.3333,1.50,100,45.0,0.0,0,none,none,qpsk,1,none
angle_sweep,2,0.326904,0.262257,-1.9211,8333.3333,1.50,100,45.0,0.0,0,none,none,qpsk,1,none
angle_sweep,2,0.000000,0.011181,6.8514,8333.3333,1.50,100,25.0,0.0,0,none,none,qpsk,1,none
angle_sweep,2,0.000000,0.011146,6.5335,8333.3333,1.50,100,25.0,0.0,0,none,none,qpsk,1,none
angle_sweep,2,0.000000,0.010521,6.8229,8333.3333,1.50,100,25.0,0.0,0,none,none,qpsk,1,none
angle_sweep,2,0.081996,0.168993,-2.9976,8333.3333,1.50,100,35.0,0.0,0,none,none,qpsk,1,none
angle_sweep,2,0.080741,0.167083,-5.6505,8333.3333,1.50,100,35.0,0.0,0,none,none,qpsk,1,none
angle_sweep,2,0.087298,0.167813,-0.9002,8333.3333,1.50,100,35.0,0.0,0,none,none,qpsk,1,none
wall-reflections,1,0.000000,0.034236,7.1972,8333.3333,1.50,100,45.0,-45.0,1,flight-case,wall-45,qpsk,1,blocked_wall_reflection
wall-reflections,2,0.000000,0.034583,7.1748,8333.3333,1.50,100,45.0,-45.0,1,flight-case,wall-45,qpsk,1,blocked_wall_reflection
wall-reflections,3,0.000000,0.034792,7.2993,8333.3333,1.50,100,45.0,-45.0,1,flight-case,wall-45,qpsk,1,blocked_wall_reflection
wall-reflections,4,0.000000,0.033750,7.1792,8333.3333,1.50,100,45.0,-45.0,1,flight-case,wall-45,qpsk,1,blocked_wall_reflection
wall-reflections,5,0.000000,0.034896,7.2608,8333.3333,1.50,100,45.0,-45.0,1,flight-case,wall-45,qpsk,1,blocked_wall_reflection
wall-reflections,1,0.024414,0.048750,6.4067,16666.6667,1.50,100,45.0,-45.0,1,flight-case,wall-45,qpsk,0,blocked_wall_reflection
wall-reflections,2,0.024554,0.048750,6.3691,16666.6667,1.50,100,45.0,-45.0,1,flight-case,wall-45,qpsk,0,blocked_wall_reflection
wall-reflections,3,0.024205,0.048264,6.4346,16666.6667,1.50,100,45.0,-45.0,1,flight-case,wall-45,qpsk,0,blocked_wall_reflection
wall-reflections,4,0.023821,0.047431,6.3739,16666.6667,1.50,100,45.0,-45.0,1,flight-case,wall-45,qpsk,0,blocked_wall_reflection
wall-reflections,5,0.023821,0.047500,6.3803,16666.6667,1.50,100,45.0,-45.0,1,flight-case,wall-45,qpsk,0,blocked_wall_reflection
wall-reflections,1,0.113735,0.345208,9.4711,16666.6667,1.50,100,45.0,-45.0,1,flight-case,wall-45,16qam,1,blocked_wall_reflection
wall-reflections,2,0.111503,0.349444,9.1959,16666.6667,1.50,100,45.0,-45.0,1,flight-case,wall-45,16qam,1,blocked_wall_reflection
wall-reflections,3,0.326346,0.483403,3.0180,16666.6667,1.50,150,45.0,-45.0,1,flight-case,wall-45,16qam,1,blocked_wall_reflection
wall-reflections,1,0.119489,0.354514,9.0577,16666.6667,1.50,100,45.0,-45.0,0,none,wall-only-45,16qam,1,unblocked_reflection
wall-reflections,2,0.119768,0.357431,9.0627,16666.6667,1.50,100,45.0,-45.0,0,none,wall-only-45,16qam,1,unblocked_reflection
wall-reflections,3,0.124233,0.360000,9.0881,16666.6667,1.50,100,45.0,-45.0,0,none,wall-only-45,16qam,1,unblocked_reflection
wall-reflections,4,0.124023,0.360417,9.1430,16666.6667,1.50,100,45.0,-45.0,0,none,wall-only-45,16qam,1,unblocked_reflection
wall-reflections,1,0.000000,0.040208,6.9848,8333.3333,1.50,100,45.0,-45.0,0,none,wall-only-45,qpsk,1,unblocked_reflection
wall-reflections,2,0.000000,0.042153,6.8450,8333.3333,1.50,100,45.0,-45.0,0,none,wall-only-45,qpsk,1,unblocked_reflection
wall-reflections,3,0.000000,0.040174,6.8556,8333.3333,1.50,100,45.0,-45.0,0,none,wall-only-45,qpsk,1,unblocked_reflection
wall-reflections,4,0.000000,0.041736,6.8652,8333.3333,1.50,100,45.0,-45.0,0,none,wall-only-45,qpsk,1,unblocked_reflection
wall-reflections,5,0.000000,0.039688,6.9226,8333.3333,1.50,100,45.0,-45.0,0,none,wall-only-45,qpsk,1,unblocked_reflection
wall-reflections,1,0.025565,0.050486,6.3787,16666.6667,1.50,100,45.0,-45.0,0,none,wall-only-45,qpsk,0,unblocked_reflection
wall-reflections,2,0.024972,0.049375,6.3754,16666.6667,1.50,100,45.0,-45.0,0,none,wall-only-45,qpsk,0,unblocked_reflection
wall-reflections,2,0.024867,0.049097,6.3755,16666.6667,1.50,100,45.0,-45.0,0,none,wall-only-45,qpsk,0,unblocked_reflection
wall-reflections,2,0.026053,0.051667,6.3725,16666.6667,1.50,100,45.0,-45.0,0,none,wall-only-45,qpsk,0,unblocked_reflection
wall-reflections,2,0.027274,0.050208,5.3071,16666.6667,1.50,100,30.0,-30.0,0,none,wall-only-45,qpsk,0,unblocked_reflection
wall-reflections,2,0.026716,0.049167,3.8888,16666.6667,1.50,100,30.0,-30.0,0,none,wall-only-45,qpsk,0,unblocked_reflection
wall-reflections,2,0.026472,0.048403,5.3442,16666.6667,1.50,100,30.0,-30.0,0,none,wall-only-45,qpsk,0,unblocked_reflection
wall-reflections,2,0.000000,0.045799,3.3845,8333.3333,1.50,100,30.0,-30.0,0,none,wall-only-45,qpsk,1,unblocked_reflection
